{
  "accuracy": 0.8922518159806295,
  "precision": 0.926829268292683,
  "recall": 0.4779874213836478,
  "f1": 0.6307053941908713,
  "roc_auc": 0.9549753425174206,
  "confusion_matrix": [
    [
      661,
      6
    ],
    [
      83,
      76
    ]
  ]
}